{
  "version": 15,
  "BatterySmartKJ": 20000.0,
  "BatterySmartNoRunOff": false,
  "BatteryLargeKJ": 40000.0,
  "LockerKG": 20000.0,
  "LockerSmartKG": 20000.0,
  "GasReservoirKG": 150.0,
  "LiquidReservoirKG": 5000.0,
  "RationBoxKG": 150.0,
  "FridgeKG": 100.0,
  "CritterFeederKG": 2000.0,
  "FishFeederKG": 200.0,
  "CanisterFillerKG": 10.0,
  "ConveyorLoaderKG": 1000.0,
  "ConveyorReceptacleKG": 100.0,
  "ElectrolizerMaxPressure": 1.8,
  "AirfilterDropsCanisters": false,
  "NewRecipeRockCrusher": false,
  "ReservoirNoGround": false,
  "ReservoirManualDelivery": false,
  "NoDupeValves": false,
  "NoDupeSwitches": false,
  "NoDupeToogleBuildings": false,
  "NoDupeToogleDoors": false,
  "ScannerInterferenceRadius": 15,
  "ScannerWorstWarningTime": 1.0,
  "ScannerBestWarningTime": 200.0,
  "ScannerBestNetworkSize": 6,
  "LadderCometInvincibility": false,
  "SolarMaxPower": 380.0,
  "SolarEnergyMultiplier": 1.0,
  "PipeLiquidMaxPressure": 10,
  "PipeGasMaxPressure": 1,
  "PipeLiquidPump": 10.0,
  "PipeGasPump": 0.5,
  "ConveyorRailPackageSize": 20.0,
  "AutoSweeperCapacity": 1000.0,
  "AutoSweeperRange": 4,
  "RoboMinerWidth": 16,
  "RoboMinerHeight": 9,
  "RoboMinerOffset": 0,
  "RoboMinerRegolithTurbo": false,
  "RoboMinerDigThroughGlass": false,
  "RoboMinerDigAnyTile": false,
  "WireSmallWatts": 1000,
  "WireRefinedWatts": 2000,
  "WireHeavyWatts": 20000,
  "WireRefinedHeavyWatts": 50000,
  "TransitTubeAnywhere": false,
  "TransitTubeUTurns": false,
  "TransitTubeJoulesPerLaunch": 10000.0,
  "NoDupeBuildingsGlobal": false,
  "NoDupeBuildings": {
    "Apothecary": false,
    "Textile Loom": false,
    "Electric Grill": false,
    "Egg Cracker": false,
    "Glass Forge": false,
    "Gas Range": false,
    "Metal Refinery": false,
    "Microbe Musher": false,
    "Rock Crusher": false,
    "Exosuit Forge": false,
    "Molecular Forge": false,
    "Oil Refinery": false,
    "Oil Well": false,
    "Ice Fan": false,
    "Grooming Station": false,
    "Shearing Station": false,
    "Automated Compost": false
  },
  "BuildingBaseSettingGlobalFlag": false,
  "BuildingBaseSettings": {
  },
  "MachineMultiplier": {
  }
}