{
  "version": 4,
  "Enabled": true,
  "Geysers": [
    {
      "id": "steam",
      "temperature": 378.15
    },
    {
      "id": "slimy_po2",
      "temperature": 378.15,
      "Disease": "ZombieSpores",
      "DiseaseCount": 5000
    },
    {
      "id": "molten_tungsten",
      "element": "MoltenTungsten",
      "anim": "geyser_molten_iron_kanim",
      "temperature": 3773.15,
      "minRatePerCycle": 200.0,
      "maxRatePerCycle": 400.0,
      "maxPressure": 150.0,
      "minIterationLength": 480.0,
      "maxIterationLength": 1080.0,
      "minIterationPercent": 0.02,
      "maxIterationPercent": 0.1,
      "minYearLength": 15000.0,
      "maxYearLength": 135000.0,
      "minYearPercent": 0.4,
      "maxYearPercent": 0.8,
      "Name": "Tungsten Volcano",
      "Description": "A large volcano that periodically erupts with molten <link=\"MOLTENTUNGSTEN\">Tungsten</link>."
    },
    {
      "id": "molten_aluminum",
      "element": "MoltenAluminum",
      "anim": "geyser_molten_iron_kanim",
      "temperature": 2273.15,
      "minRatePerCycle": 200.0,
      "maxRatePerCycle": 400.0,
      "maxPressure": 150.0,
      "minIterationLength": 480.0,
      "maxIterationLength": 1080.0,
      "minIterationPercent": 0.02,
      "maxIterationPercent": 0.1,
      "minYearLength": 15000.0,
      "maxYearLength": 135000.0,
      "minYearPercent": 0.4,
      "maxYearPercent": 0.8,
      "Name": "Aluminum Volcano",
      "Description": "A large volcano that periodically erupts with molten <link=\"MOLTENALUMINUM\">Aluminum</link>."
    },
    {
      "id": "molten_steel",
      "element": "MoltenSteel",
      "anim": "geyser_molten_iron_kanim",
      "temperature": 2773.15,
      "minRatePerCycle": 200.0,
      "maxRatePerCycle": 400.0,
      "maxPressure": 150.0,
      "minIterationLength": 480.0,
      "maxIterationLength": 1080.0,
      "minIterationPercent": 0.02,
      "maxIterationPercent": 0.1,
      "minYearLength": 15000.0,
      "maxYearLength": 135000.0,
      "minYearPercent": 0.4,
      "maxYearPercent": 0.8,
      "Name": "Steel Volcano",
      "Description": "A large volcano that periodically erupts with molten <link=\"MOLTENSTEEL\">Steel</link>."
    },
    {
      "id": "molten_glass",
      "element": "MoltenGlass",
      "anim": "geyser_molten_iron_kanim",
      "temperature": 2273.15,
      "minRatePerCycle": 200.0,
      "maxRatePerCycle": 400.0,
      "maxPressure": 150.0,
      "minIterationLength": 480.0,
      "maxIterationLength": 1080.0,
      "minIterationPercent": 0.02,
      "maxIterationPercent": 0.1,
      "minYearLength": 15000.0,
      "maxYearLength": 135000.0,
      "minYearPercent": 0.4,
      "maxYearPercent": 0.8,
      "Name": "Glass Volcano",
      "Description": "A large volcano that periodically erupts with molten <link=\"MOLTENGLASS\">Glass</link>."
    },
    {
      "id": "liquid_coolant",
      "element": "SuperCoolant",
      "anim": "geyser_liquid_water_slush_kanim",
      "temperature": 673.15,
      "minRatePerCycle": 200.0,
      "maxRatePerCycle": 400.0,
      "maxPressure": 500.0,
      "minIterationLength": 60.0,
      "maxIterationLength": 1140.0,
      "minIterationPercent": 0.1,
      "maxIterationPercent": 0.9,
      "minYearLength": 15000.0,
      "maxYearLength": 135000.0,
      "minYearPercent": 0.4,
      "maxYearPercent": 0.8,
      "Name": "Super Coolant Geyser",
      "Description": "A highly pressurized geyser that periodically erupts with hot <link=\"SUPERCOOLANT\">Super Coolant</link>."
    },
    {
      "id": "liquid_ethanol",
      "element": "Ethanol",
      "anim": "geyser_liquid_water_filthy_kanim",
      "temperature": 343.15,
      "minRatePerCycle": 2000.0,
      "maxRatePerCycle": 4000.0,
      "maxPressure": 500.0,
      "minIterationLength": 60.0,
      "maxIterationLength": 1140.0,
      "minIterationPercent": 0.1,
      "maxIterationPercent": 0.9,
      "minYearLength": 15000.0,
      "maxYearLength": 135000.0,
      "minYearPercent": 0.4,
      "maxYearPercent": 0.8,
      "Name": "Ethanol Geyser",
      "Description": "A highly pressurized geyser that periodically erupts with boiling <link=\"ETHANOL\">Ethanol</link>.",
      "Disease": "PollenGerms",
      "DiseaseCount": 50
    }
  ],
  "RandomizerEnabled": true,
  "RandomizerUsesMapSeed": false,
  "RandomizerRerollsCycleRate": true,
  "RandomizerPopupGeyserDiscoveryInfo": true,
  "RandomizerHighlanderMode": false,
  "RandomizerHighlanderRetroactive": false,
  "RNGTable": {
    "steam": 1,
    "hot_steam": 1,
    "hot_water": 1,
    "slush_water": 1,
    "filthy_water": 1,
    "salt_water": 1,
    "small_volcano": 1,
    "big_volcano": 1,
    "liquid_co2": 1,
    "hot_co2": 1,
    "hot_hydrogen": 1,
    "hot_po2": 1,
    "slimy_po2": 1,
    "chlorine_gas": 1,
    "methane": 1,
    "molten_copper": 1,
    "molten_iron": 1,
    "molten_gold": 1,
    "oil_drip": 1,
    "molten_tungsten": 1,
    "molten_aluminum": 1,
    "molten_glass": 1,
    "liquid_ethanol": 1,
    "molten_steel": 0,
    "liquid_coolant": 0
  },
  "GeyserMorphEnabled": true,
  "GeyserMorphWorktime": 300
}