{
  "enabled": true,
  "biggerRoster": true,
  "multiplier": 1.0,
  "CarePackages": [
    {
      "ID": "SandStone",
      "amount": 1000.0,
      "onlyAfterCycle": 0
    },
    {
      "ID": "Dirt",
      "amount": 500.0,
      "onlyAfterCycle": 0
    },
    {
      "ID": "Algae",
      "amount": 500.0,
      "onlyAfterCycle": 0
    },
    {
      "ID": "OxyRock",
      "amount": 100.0,
      "onlyAfterCycle": 0
    },
    {
      "ID": "Water",
      "amount": 2000.0,
      "onlyAfterCycle": 0
    },
    {
      "ID": "Sand",
      "amount": 3000.0,
      "onlyAfterCycle": 0
    },
    {
      "ID": "Carbon",
      "amount": 3000.0,
      "onlyAfterCycle": 0
    },
    {
      "ID": "Fertilizer",
      "amount": 3000.0,
      "onlyAfterCycle": 0
    },
    {
      "ID": "Ice",
      "amount": 4000.0,
      "onlyAfterCycle": 0
    },
    {
      "ID": "Brine",
      "amount": 2000.0,
      "onlyAfterCycle": 0
    },
    {
      "ID": "SaltWater",
      "amount": 2000.0,
      "onlyAfterCycle": 0
    },
    {
      "ID": "Rust",
      "amount": 1000.0,
      "onlyAfterCycle": 0
    },
    {
      "ID": "Cuprite",
      "amount": 2000.0,
      "onlyAfterCycle": 0
    },
    {
      "ID": "GoldAmalgam",
      "amount": 2000.0,
      "onlyAfterCycle": 0
    },
    {
      "ID": "Copper",
      "amount": 400.0,
      "onlyAfterCycle": 0
    },
    {
      "ID": "Iron",
      "amount": 400.0,
      "onlyAfterCycle": 0
    },
    {
      "ID": "Lime",
      "amount": 150.0,
      "onlyAfterCycle": 0
    },
    {
      "ID": "Polypropylene",
      "amount": 500.0,
      "onlyAfterCycle": 0
    },
    {
      "ID": "Glass",
      "amount": 200.0,
      "onlyAfterCycle": 0
    },
    {
      "ID": "Steel",
      "amount": 100.0,
      "onlyAfterCycle": 0
    },
    {
      "ID": "Ethanol",
      "amount": 100.0,
      "onlyAfterCycle": 0
    },
    {
      "ID": "AluminumOre",
      "amount": 100.0,
      "onlyAfterCycle": 0
    },
    {
      "ID": "PrickleGrassSeed",
      "amount": 3.0,
      "onlyAfterCycle": 0
    },
    {
      "ID": "LeafyPlantSeed",
      "amount": 3.0,
      "onlyAfterCycle": 0
    },
    {
      "ID": "CactusPlantSeed",
      "amount": 3.0,
      "onlyAfterCycle": 0
    },
    {
      "ID": "MushroomSeed",
      "amount": 1.0,
      "onlyAfterCycle": 0
    },
    {
      "ID": "PrickleFlowerSeed",
      "amount": 2.0,
      "onlyAfterCycle": 0
    },
    {
      "ID": "OxyfernSeed",
      "amount": 1.0,
      "onlyAfterCycle": 0
    },
    {
      "ID": "ForestTreeSeed",
      "amount": 1.0,
      "onlyAfterCycle": 0
    },
    {
      "ID": "BasicFabricMaterialPlantSeed",
      "amount": 3.0,
      "onlyAfterCycle": 0
    },
    {
      "ID": "SwampLilySeed",
      "amount": 1.0,
      "onlyAfterCycle": 0
    },
    {
      "ID": "ColdBreatherSeed",
      "amount": 1.0,
      "onlyAfterCycle": 0
    },
    {
      "ID": "SpiceVineSeed",
      "amount": 1.0,
      "onlyAfterCycle": 0
    },
    {
      "ID": "FieldRation",
      "amount": 5.0,
      "onlyAfterCycle": 0
    },
    {
      "ID": "BasicForagePlant",
      "amount": 6.0,
      "onlyAfterCycle": 0
    },
    {
      "ID": "CookedEgg",
      "amount": 3.0,
      "onlyAfterCycle": 0
    },
    {
      "ID": "PrickleFruit",
      "amount": 3.0,
      "onlyAfterCycle": 0
    },
    {
      "ID": "FriedMushroom",
      "amount": 3.0,
      "onlyAfterCycle": 0
    },
    {
      "ID": "CookedMeat",
      "amount": 3.0,
      "onlyAfterCycle": 0
    },
    {
      "ID": "SpicyTofu",
      "amount": 3.0,
      "onlyAfterCycle": 0
    },
    {
      "ID": "LightBugBaby",
      "amount": 1.0,
      "onlyAfterCycle": 0
    },
    {
      "ID": "HatchBaby",
      "amount": 1.0,
      "onlyAfterCycle": 0
    },
    {
      "ID": "PuftBaby",
      "amount": 1.0,
      "onlyAfterCycle": 0
    },
    {
      "ID": "SquirrelBaby",
      "amount": 1.0,
      "onlyAfterCycle": 0
    },
    {
      "ID": "CrabBaby",
      "amount": 1.0,
      "onlyAfterCycle": 0
    },
    {
      "ID": "DreckoBaby",
      "amount": 1.0,
      "onlyAfterCycle": 0
    },
    {
      "ID": "Pacu",
      "amount": 8.0,
      "onlyAfterCycle": 0
    },
    {
      "ID": "MoleBaby",
      "amount": 1.0,
      "onlyAfterCycle": 0
    },
    {
      "ID": "OilfloaterBaby",
      "amount": 1.0,
      "onlyAfterCycle": 0
    },
    {
      "ID": "LightBugEgg",
      "amount": 3.0,
      "onlyAfterCycle": 0
    },
    {
      "ID": "HatchEgg",
      "amount": 3.0,
      "onlyAfterCycle": 0
    },
    {
      "ID": "PuftEgg",
      "amount": 3.0,
      "onlyAfterCycle": 0
    },
    {
      "ID": "OilfloaterEgg",
      "amount": 3.0,
      "onlyAfterCycle": 0
    },
    {
      "ID": "MoleEgg",
      "amount": 3.0,
      "onlyAfterCycle": 0
    },
    {
      "ID": "DreckoEgg",
      "amount": 3.0,
      "onlyAfterCycle": 0
    },
    {
      "ID": "SquirrelEgg",
      "amount": 2.0,
      "onlyAfterCycle": 0
    },
    {
      "ID": "BasicCure",
      "amount": 3.0,
      "onlyAfterCycle": 0
    },
    {
      "ID": "Funky_Vest",
      "amount": 1.0,
      "onlyAfterCycle": 0
    },
    {
      "ID": "Niobium",
      "amount": 5.0,
      "onlyAfterCycle": 0
    },
    {
      "ID": "Isoresin",
      "amount": 35.0,
      "onlyAfterCycle": 0
    },
    {
      "ID": "Fullerene",
      "amount": 1.0,
      "onlyAfterCycle": 0
    },
    {
      "ID": "Katairite",
      "amount": 1000.0,
      "onlyAfterCycle": 0
    },
    {
      "ID": "Diamond",
      "amount": 500.0,
      "onlyAfterCycle": 0
    },
    {
      "ID": "GeneShufflerRecharge",
      "amount": 1.0,
      "onlyAfterCycle": 0
    }
  ]
}