{
  "version": 13,
  "BatterySmartKJ": 200000.0,
  "BatterySmartNoRunOff": true,
  "BatteryLargeKJ": 400000.0,
  "LockerKG": 400000.0,
  "LockerSmartKG": 400000.0,
  "GasReservoirKG": 99000.0,
  "LiquidReservoirKG": 99000.0,
  "RationBoxKG": 400000.0,
  "FridgeKG": 400000.0,
  "CritterFeederKG": 400000.0,
  "FishFeederKG": 400000.0,
  "CanisterFillerKG": 400000.0,
  "ConveyorLoaderKG": 400000.0,
  "ConveyorReceptacleKG": 400000.0,
  "ElectrolizerMaxPressure": 5.0,
  "AirfilterDropsCanisters": true,
  "NewRecipeRockCrusher": true,
  "ReservoirNoGround": true,
  "ReservoirManualDelivery": true,
  "NoDupeValves": true,
  "NoDupeSwitches": true,
  "NoDupeToogleBuildings": true,
  "NoDupeToogleDoors": true,
  "ScannerInterferenceRadius": 5,
  "ScannerWorstWarningTime": 30.0,
  "ScannerBestWarningTime": 60.0,
  "ScannerBestNetworkSize": 2,
  "PipeLiquidMaxPressure": 20,
  "PipeGasMaxPressure": 10,
  "ConveyorRailPackageSize": 1000.0,
  "AutoSweeperCapacity": 1000.0,
  "AutoSweeperRange": 4,
  "WireSmallWatts": 2000,
  "WireRefinedWatts": 10000,
  "WireHeavyWatts": 50000,
  "NoDupeBuildingsGlobal": true,
  "NoDupeBuildings": {
    "Apothecary": false,
    "Textile Loom": false,
    "Electric Grill": false,
    "Egg Cracker": false,
    "Glass Forge": true,
    "Gas Range": false,
    "Metal Refinery": true,
    "Microbe Musher": true,
    "Rock Crusher": true,
    "Exosuit Forge": false,
    "Molecular Forge": true,
    "Oil Refinery": true,
    "Oil Well": true,
    "Automated Compost": false,
    "Ice Fan": true,
    "Shearing Station": false,
    "Grooming Station": true
  },
  "BuildingBaseSettingGlobalFlag": true,
  "BuildingBaseSettings": {
    "WireRefinedHighWattage": {
      "BaseDecor": -5.0,
      "BaseDecorRadius": 1.0,
      "LocationRule": 0
    },
    "TravelTube": {
      "LocationRule": 0
    },
    "Bed": {
      "Rotations": 3
    },
    "LuxuryBed": {
      "Rotations": 3
    },
    "StorageLocker": {
      "Rotations": 2,
      "LocationRule": 0
    },
    "LiquidReservoir": {
      "Rotations": 2,
      "LocationRule": 0
    },
    "GasReservoir": {
      "Rotations": 3,
      "LocationRule": 0
    },
    "LiquidMiniPump": {
      "PowerConsumption": 1
    },
    "GasMiniPump": {
      "PowerConsumption": 1
    },
    "LiquidFilter": {
      "PowerConsumption": 1
    },
    "GasFilter": {
      "PowerConsumption": 1
    },
    "Refrigerator": {
      "PowerConsumption": 1
    },
    "PressureDoor": {
      "PowerConsumption": 0,
      "MaterialCategory": ["BuildableAny"]
    },
    "LiquidConduit": {
      "ConstructionMass": 25
    },
    "InsulatedLiquidConduit": {
      "ConstructionMass": 50
    },
    "InsulatedGasConduit": {
      "ConstructionMass": 50
    },
    "SpaceHeater": {
      "ExhaustKilowattsWhenActive": 492.0,
      "SelfHeatKilowattsWhenActive": 16.0,
      "OverheatTemperature": 743.15
    }
  },
  "MachineMultiplier": {
    "EthanolDistillery": 4.0,
    "Desalinator": 2.0
  }
}