{
  "version": 10,
  "BatterySmartKJ": 200000.0,
  "BatterySmartNoRunOff": true,
  "BatteryLargeKJ": 400000.0,
  "LockerKG": 400000.0,
  "LockerSmartKG": 400000.0,
  "GasReservoirKG": 99000.0,
  "LiquidReservoirKG": 99000.0,
  "RationBoxKG": 400000.0,
  "FridgeKG": 400000.0,
  "CritterFeederKG": 400000.0,
  "FishFeederKG": 400000.0,
  "CanisterFillerKG": 400000.0,
  "ConveyorLoaderKG": 400000.0,
  "ConveyorReceptacleKG": 400000.0,
  "ElectrolizerMaxPressure": 5.0,
  "AirfilterDropsCanisters": true,
  "NewRecipeRockCrusher": true,
  "ReservoirNoGround": true,
  "ReservoirManualDelivery": false,
  "NoDupeValves": true,
  "NoDupeSwitches": true,
  "NoDupeToogleBuildings": true,
  "NoDupeToogleDoors": true,
  "ScannerInterferenceRadius": 5,
  "ScannerWorstWarningTime": 30.0,
  "ScannerBestWarningTime": 60.0,
  "ScannerBestNetworkSize": 2,
  "PipeLiquidMaxPressure": 10,
  "PipeGasMaxPressure": 1,
  "WireSmallWatts": 1000,
  "WireRefinedWatts": 2000,
  "WireHeavyWatts": 20000,
  "NoDupeBuildingsGlobal": true,
  "NoDupeBuildings": {
    "Apothecary": false,
    "Textile Loom": false,
    "Electric Grill": false,
    "Egg Cracker": false,
    "Glass Forge": true,
    "Gas Range": false,
    "Metal Refinery": true,
    "Microbe Musher": true,
    "Rock Crusher": true,
    "Exosuit Forge": false,
    "Molecular Forge": true,
    "Oil Refinery": true,
    "Oil Well": true,
    "Automated Compost": false,
    "Ice Fan": false,
    "Shearing Station": false,
    "Grooming Station": false
  },
  "BuildingBaseSettingGlobalFlag": true,
  "BuildingBaseSettings": {
    "HighWattageWire": {
      "LocationRule": 0
    },
    "WireRefinedHighWattage": {
      "BaseDecor": -5.0,
      "BaseDecorRadius": 1.0,
      "LocationRule": 0
    },
    "TravelTube": {
      "LocationRule": 0
    },
    "Bed": {
      "Rotations": 3
    },
    "LuxuryBed": {
      "Rotations": 3
    }
  }
}