{
  "enabled": true,
  "multiplier": 1.0,
  "CarePackages": {
    "SandStone": 1000.0,
    "Dirt": 500.0,
    "Algae": 500.0,
    "OxyRock": 100.0,
    "Water": 2000.0,
    "Sand": 3000.0,
    "Carbon": 3000.0,
    "Fertilizer": 3000.0,
    "Ice": 4000.0,
    "Brine": 2000.0,
    "SaltWater": 2000.0,
    "Rust": 1000.0,
    "Cuprite": 2000.0,
    "GoldAmalgam": 2000.0,
    "Copper": 400.0,
    "Iron": 400.0,
    "Lime": 150.0,
    "Polypropylene": 500.0,
    "Glass": 200.0,
    "Steel": 100.0,
    "Ethanol": 100.0,
    "AluminumOre": 100.0,
    "PrickleGrassSeed": 3.0,
    "LeafyPlantSeed": 3.0,
    "CactusPlantSeed": 3.0,
    "MushroomSeed": 1.0,
    "PrickleFlowerSeed": 2.0,
    "OxyfernSeed": 1.0,
    "ForestTreeSeed": 1.0,
    "BasicFabricMaterialPlantSeed": 3.0,
    "SwampLilySeed": 1.0,
    "ColdBreatherSeed": 1.0,
    "SpiceVineSeed": 1.0,
    "FieldRation": 5.0,
    "BasicForagePlant": 6.0,
    "CookedEgg": 3.0,
    "PrickleFruit": 3.0,
    "FriedMushroom": 3.0,
    "CookedMeat": 3.0,
    "SpicyTofu": 3.0,
    "LightBugBaby": 1.0,
    "HatchBaby": 1.0,
    "PuftBaby": 1.0,
    "SquirrelBaby": 1.0,
    "CrabBaby": 1.0,
    "DreckoBaby": 1.0,
    "Pacu": 8.0,
    "MoleBaby": 1.0,
    "OilfloaterBaby": 1.0,
    "LightBugEgg": 3.0,
    "HatchEgg": 3.0,
    "PuftEgg": 3.0,
    "OilfloaterEgg": 3.0,
    "MoleEgg": 3.0,
    "DreckoEgg": 3.0,
    "SquirrelEgg": 2.0,
    "BasicCure": 3.0,
    "Funky_Vest": 1.0,
    "Niobium": 5.0,
    "Isoresin": 35.0,
    "Fullerene": 1.0,
    "Katairite": 1000.0,
    "Diamond": 500.0,
    "GeneShufflerRecharge": 1.0
  }
}