{
  "version": 12,
  "BatterySmartKJ": 20000.0,
  "BatterySmartNoRunOff": false,
  "BatteryLargeKJ": 40000.0,
  "LockerKG": 20000.0,
  "LockerSmartKG": 20000.0,
  "GasReservoirKG": 400.0,
  "LiquidReservoirKG": 5000.0,
  "RationBoxKG": 150.0,
  "FridgeKG": 400.0,
  "CritterFeederKG": 200.0,
  "FishFeederKG": 200.0,
  "CanisterFillerKG": 10.0,
  "ConveyorLoaderKG": 1000.0,
  "ConveyorReceptacleKG": 100.0,
  "ElectrolizerMaxPressure": 1.8,
  "AirfilterDropsCanisters": false,
  "NewRecipeRockCrusher": false,
  "ReservoirNoGround": false,
  "ReservoirManualDelivery": false,
  "NoDupeValves": false,
  "NoDupeSwitches": false,
  "NoDupeToogleBuildings": false,
  "NoDupeToogleDoors": false,
  "ScannerInterferenceRadius": 15,
  "ScannerWorstWarningTime": 1.0,
  "ScannerBestWarningTime": 200.0,
  "ScannerBestNetworkSize": 6,
  "PipeLiquidMaxPressure": 10,
  "PipeGasMaxPressure": 1,
  "ConveyorRailPackageSize": 20.0,
  "AutoSweeperCapacity": 1000.0,
  "AutoSweeperRange": 4,
  "WireSmallWatts": 1000,
  "WireRefinedWatts": 2000,
  "WireHeavyWatts": 20000,
  "NoDupeBuildingsGlobal": false,
  "NoDupeBuildings": {
    "Apothecary": false,
    "Textile Loom": false,
    "Electric Grill": false,
    "Egg Cracker": false,
    "Glass Forge": false,
    "Gas Range": false,
    "Metal Refinery": false,
    "Microbe Musher": false,
    "Rock Crusher": false,
    "Exosuit Forge": false,
    "Molecular Forge": false,
    "Oil Refinery": false,
    "Oil Well": false,
    "Automated Compost": false,
    "Ice Fan": false,
    "Shearing Station": false,
    "Grooming Station": false
  },
  "BuildingBaseSettingGlobalFlag": false,
  "BuildingBaseSettings": {
  }
}