{
  "version": 9,
  "PlantSettings": [
    {
      "id": "ForestTree",
      "fruit_grow_time": 10.0
    },
    {
      "id": "ForestTreeBranch",
      "fruit_grow_time": 10.0
    },
    {
      "id": "BasicSingleHarvestPlant",
      "irrigation": {
        "Dirt": 5.0
      }
    },
    {
      "id": "MushroomPlant",
      "fruitId": "Mushroom",
      "fruit_grow_time": 3600.0,
      "fruit_amount": 1,
      "irrigation": {},
      "input_element": "CarbonDioxide",
      "input_rate": 0.001
    },
    {
      "id": "PrickleFlower",
      "irrigation": {
        "Water": 5.0
      }
    },
    {
      "id": "SeaLettuce",
      "irrigation": {
        "SaltWater": 5.0
      }
    },
    {
      "id": "BeanPlant",
      "irrigation": {
        "Ethanol": 5.0
      }
    },
    {
      "id": "SpiceVine",
      "irrigation": {
        "DirtyWater": 15.0,
        "Phosphorite": 1.0
      },
      "temperatures": [
        100.0,
        150.0,
        400.0,
        450.0
      ]
    },
    {
      "id": "ColdWheat",
      "irrigation": {
        "Water": 15.0
      },
      "temperatures": [
        100.0,
        150.0,
        400.0,
        450.0
      ]
    },
    {
      "id": "Oxyfern",
      "temperatures": [
        203.15,
        263.15,
        333.15,
        423.15
      ]
    },
    {
      "id": "GasGrass",
      "illumination": 100.0
    },
    {
      "id": "ColdBreather",
      "irrigation": {}
    },
    {
      "id": "PrickleGrass",
      "safe_elements": [
        "Oxygen",
        "ContaminatedOxygen",
        "CarbonDioxide",
        "ChlorineGas"
      ],
      "input_element": "ChlorineGas",
      "input_rate": 0.01
    },
    {
      "id": "LeafyPlant",
      "fruitId": "placeholder1",
      "fruit_grow_time": 2400.0,
      "irrigation": {
        "Water": 10.0
      }
    },
    {
      "id": "CactusPlant",
      "safe_elements": [
        "Oxygen",
        "ContaminatedOxygen",
        "CarbonDioxide",
        "Methane"
      ],
      "pressures": [
        0.0,
        0.0,
        2.0,
        30.0
      ],
      "input_element": "Methane",
      "input_rate": 0.01,
      "output_element": "CarbonDioxide",
      "output_rate": 0.01
    },
    {
      "id": "EvilFlower",
      "safe_elements": [
        "CarbonDioxide",
        "ChlorineGas"
      ],
      "pressures": [
        0.0,
        0.0,
        5.0
      ],
      "output_element": "ChlorineGas",
      "output_rate": 0.012
    }
  ],
  "SpecialCropSettings": {
    "placeholder1": {
      "Algae": 40,
      "Clay": 20
    }
  },
  "SeedsGoIntoAnyFlowerPots": true,
  "WheezewortTempDelta": -20.0,
  "OxyfernOxygenPerSecond": 0.03125,
  "CheatFlowerVase": false,
  "AutomaticallyAddModPlants": false,
  "ModPlants": []
}