{
  "RemoveIrrigationFromPlants": [
    "ColdBreather",
    "PrickleFlower",
    "ColdWheat",
    "SpiceVine",
    "ForestTree",
    "BeanPlant",
    "Oxyfern"
  ],
  "AddIrrigation": {
    "PrickleFlower": {
      "Water": 5.0
    },
    "ColdWheat": {
      "Water": 5.0
    },
    "SpiceVine": {
      "DirtyWater": 7.0,
      "Phosphorite": 1.0
    },
    "ForestTree": {
      "DirtyWater": 62.5,
      "Dirt": 10.0
    },
    "BeanPlant": {
      "Ethanol": 5.0,
      "Dirt": 5.0
    },
    "Oxyfern": {
      "Water": 18.0
    }
  },
  "SetIllumination": {
    "Mushroom": -1,
    "PrickleFlower": 1
  },
  "SetPlantTempAtmosphere": {
    "PrickleFlower": {
      "temperature_lethal_low": 218.15,
      "temperature_warning_low": 273.15,
      "temperature_warning_high": 308.15,
      "temperature_lethal_high": 398.15,
      "safe_elements": [
        "Oxygen",
        "ContaminatedOxygen",
        "CarbonDioxide"
      ],
      "pressure_sensitive": true,
      "pressure_lethal_low": 0.0,
      "pressure_warning_low": 0.1,
      "crop_id": "",
      "can_drown": true,
      "can_tinker": true,
      "require_solid_tile": true,
      "should_grow_old": true,
      "max_age": 2400.0
    }
  },
  "SetPlantCrop": {
    "ColdWheatSeed": {
      "cropId": "ColdWheatSeed",
      "cropDuration": 10800.0,
      "numProduced": 18,
      "renewable": true
    }
  },
  "SeedsGoIntoAnyFlowerPots": true,
  "WheezewortTempDelta": -20.0,
  "OxyfernOxygenPerSecond": 0.03125
}