{
  "version": 13,
  "PlantSettings": [
    {
      "id": "BasicSingleHarvestPlant",
      "temperatures": [
        100.0,
        253.15,
        373.15,
        450.0
      ]
    }
  ],
  "SpecialCropSettings": {
    "placeholder1": {
      "Algae": 40,
      "Clay": 20
    }
  },
  "SeedsGoIntoAnyFlowerPots": false,
  "WheezewortTempDelta": -5.0,
  "OxyfernOxygenPerSecond": 0.03125,
  "CheatFlowerVase": false,
  "ApplyBugFixes": true,
  "AutomaticallyAddModPlants": false,
  "ModPlants": []
}